studentId	courseId	progress	startdate
1	30	66	2016-01-25
1	51	58	2017-01-25
1	52	85	2017-08-25
1	61	54	2017-01-25
2	41	64	2017-01-25
2	44	40	2016-01-25
2	53	58	2015-08-25
2	63	66	2015-01-25
3	42	82	2015-08-25
3	46	36	2016-08-25
3	57	53	2017-08-25
4	18	82	2017-08-25
4	58	43	2017-01-25
4	72	81	2015-01-25
4	74	50	2017-08-25
5	4	49	2015-01-25
5	44	52	2016-01-25
5	45	84	2017-01-25
5	51	89	2016-08-25
6	9	40	2016-01-25
6	22	87	2014-01-25
6	57	88	2017-01-25
6	62	65	2016-01-25
7	18	66	2017-08-25
7	42	68	2014-08-25
7	64	67	2015-08-25
7	65	68	2016-08-25
7	74	40	2014-01-25
8	9	72	2017-01-25
8	29	84	2014-01-25
8	60	70	2017-01-25
8	72	83	2015-01-25
9	33	86	2017-01-25
9	46	51	2017-01-25
9	65	40	2015-08-25
9	68	55	2015-01-25
10	23	49	2015-08-25
10	42	88	2017-08-25
10	67	55	2016-01-25
10	74	65	2017-08-25
11	24	37	2017-01-25
11	38	40	2016-01-25
11	58	49	2017-01-25
11	61	68	2015-01-25
12	23	81	2017-08-25
12	26	38	2014-01-25
12	29	89	2015-01-25
13	12	41	2016-01-25
13	58	57	2017-01-25
13	66	82	2015-01-25
13	74	89	2017-01-25
14	4	71	2014-01-25
14	21	54	2017-01-25
14	31	41	2017-01-25
14	67	87	2016-08-25
15	32	68	2015-01-25
15	33	83	2017-08-25
15	62	41	2017-08-25
15	66	53	2017-01-25
16	3	57	2014-01-25
16	34	71	2016-01-25
16	49	68	2017-01-25
16	61	73	2016-01-25
17	13	69	2016-01-25
17	27	50	2016-01-25
17	32	45	2015-01-25
17	33	37	2017-08-25
18	8	89	2017-01-25
18	17	66	2017-01-25
18	19	44	2014-01-25
18	68	84	2017-01-25
19	6	83	2016-01-25
19	19	55	2015-01-25
19	46	89	2016-01-25
19	71	49	2017-01-25
20	15	38	2014-01-25
20	16	39	2017-01-25
20	37	87	2017-08-25
20	72	69	2017-01-25
21	23	43	2016-08-25
21	28	37	2015-08-25
21	46	68	2016-01-25
21	66	44	2017-08-25
22	42	73	2017-01-25
22	48	53	2015-01-25
22	67	51	2017-01-25
23	43	66	2015-01-25
23	48	58	2016-01-25
23	70	45	2015-01-25
23	71	73	2016-01-25
24	28	64	2017-01-25
24	32	70	2017-01-25
24	40	85	2017-08-25
24	41	36	2014-01-25
25	30	66	2015-08-25
25	43	72	2015-01-25
25	51	45	2017-08-25
25	73	68	2014-08-25
26	9	36	2016-01-25
26	21	83	2017-01-25
26	57	38	2016-01-25
26	75	70	2015-01-25
27	8	50	2016-01-25
27	37	52	2016-01-25
27	69	85	2017-01-25
27	71	51	2015-01-25
27	73	44	2014-01-25
28	1	70	2015-01-25
28	53	83	2017-01-25
28	67	39	2017-08-25
28	76	73	2017-08-25
29	2	55	2017-01-25
29	44	81	2017-01-25
29	59	51	2015-01-25
29	67	67	2017-01-25
29	76	41	2014-01-25
30	24	71	2016-01-25
30	39	69	2017-08-25
30	71	72	2015-08-25
30	75	70	2016-01-25
31	30	83	2016-01-25
31	43	70	2017-01-25
31	50	57	2017-01-25
31	75	70	2015-01-25
32	16	82	2017-01-25
32	63	44	2014-01-25
32	69	50	2017-01-25
33	6	43	2015-01-25
33	11	36	2015-01-25
33	34	71	2016-08-25
33	62	51	2016-01-25
34	1	65	2014-01-25
34	19	53	2016-01-25
34	31	43	2017-08-25
34	66	68	2017-01-25
35	28	88	2016-01-25
35	32	37	2016-01-25
35	42	50	2015-01-25
35	57	43	2017-01-25
36	4	89	2017-01-25
36	37	83	2017-08-25
36	51	45	2017-08-25
36	65	52	2017-01-25
37	7	41	2016-08-25
37	13	49	2014-01-25
37	20	51	2015-01-25
37	22	84	2017-01-25
38	24	64	2016-01-25
38	61	45	2014-01-25
38	69	81	2017-08-25
38	71	57	2015-08-25
39	9	83	2015-01-25
39	17	50	2017-01-25
39	45	69	2017-01-25
39	53	54	2017-01-25
40	3	38	2014-01-25
40	16	51	2016-08-25
40	19	86	2017-08-25
40	37	40	2016-01-25
41	21	56	2017-01-25
41	23	65	2017-08-25
41	48	45	2017-01-25
41	62	50	2017-01-25
42	21	57	2015-01-25
42	23	69	2017-08-25
42	58	51	2016-01-25
42	76	69	2017-08-25
43	9	85	2017-01-25
43	19	84	2015-01-25
43	27	57	2014-01-25
43	48	88	2017-01-25
43	67	68	2016-01-25
44	43	68	2016-08-25
44	50	86	2015-08-25
44	59	73	2016-01-25
44	66	85	2017-08-25
45	3	44	2015-08-25
45	21	41	2015-08-25
45	30	86	2017-08-25
45	67	56	2017-08-25
46	20	88	2015-01-25
46	44	67	2017-01-25
46	74	70	2017-01-25
47	36	42	2015-01-25
47	38	68	2016-01-25
47	41	50	2017-01-25
47	54	72	2016-01-25
48	17	71	2017-01-25
48	22	85	2017-08-25
48	66	54	2017-01-25
48	74	89	2015-01-25
49	48	49	2017-08-25
49	50	82	2017-01-25
49	70	67	2017-01-25
49	76	65	2016-08-25
50	10	56	2016-01-25
50	11	53	2014-01-25
50	40	67	2017-01-25
50	56	90	2015-01-25
51	24	65	2015-01-25
51	25	65	2016-01-25
51	29	82	2016-01-25
51	75	39	2017-08-25
52	8	53	2017-01-25
52	51	39	2017-01-25
52	52	52	2015-01-25
52	53	38	2017-01-25
53	9	69	2016-08-25
53	12	81	2015-08-25
53	57	58	2017-08-25
54	4	66	2016-01-25
54	8	51	2016-01-25
54	69	53	2017-08-25
54	70	73	2017-08-25
55	7	90	2017-01-25
55	21	50	2017-01-25
55	31	64	2014-01-25
55	76	89	2016-01-25
56	9	67	2016-01-25
56	13	81	2017-08-25
56	19	39	2016-08-25
56	36	39	2014-01-25
57	18	49	2015-01-25
57	51	42	2014-01-25
57	55	54	2017-01-25
57	73	45	2017-01-25
58	9	42	2016-01-25
58	39	87	2016-01-25
58	40	40	2015-01-25
58	42	64	2017-08-25
59	36	69	2017-01-25
59	46	66	2017-01-25
59	62	49	2017-08-25
59	63	44	2015-08-25
60	6	71	2016-01-25
60	7	81	2017-01-25
60	24	81	2014-01-25
60	39	64	2017-01-25
61	1	71	2016-01-25
61	50	53	2015-01-25
61	57	55	2016-01-25
61	69	58	2014-01-25
62	1	73	2017-01-25
62	2	86	2017-01-25
62	12	68	2017-08-25
62	36	72	2015-01-25
63	40	68	2017-01-25
63	44	56	2015-01-25
63	65	81	2016-01-25
64	10	38	2014-01-25
64	50	38	2016-01-25
64	70	66	2017-01-25
64	71	41	2017-01-25
65	9	37	2016-01-25
65	26	49	2014-01-25
65	45	90	2017-08-25
65	72	67	2017-08-25
66	23	40	2017-08-25
66	25	43	2015-01-25
66	42	36	2017-08-25
67	5	68	2017-01-25
67	31	68	2016-01-25
67	36	45	2016-01-25
67	72	70	2017-01-25
68	1	83	2015-01-25
68	42	45	2014-08-25
68	55	37	2016-01-25
68	64	40	2017-01-25
69	6	56	2017-08-25
69	7	84	2015-08-25
69	36	72	2016-08-25
70	25	58	2016-01-25
70	41	85	2016-01-25
70	60	42	2017-01-25
70	68	56	2014-01-25
71	15	68	2015-08-25
71	32	66	2014-01-25
71	33	56	2017-01-25
72	7	67	2017-01-25
72	35	54	2015-01-25
72	36	51	2016-01-25
72	56	57	2017-01-25
73	39	73	2017-01-25
73	53	49	2014-01-25
73	56	82	2017-01-25
73	72	81	2015-01-25
74	6	52	2015-01-25
74	24	82	2017-01-25
74	34	67	2016-01-25
74	61	68	2016-01-25
75	9	71	2017-01-25
75	23	44	2017-01-25
75	27	88	2017-08-25
75	50	42	2015-01-25
76	17	43	2017-01-25
76	22	87	2016-01-25
76	37	36	2014-01-25
76	39	58	2017-01-25
77	1	85	2016-01-25
77	13	81	2015-01-25
77	20	84	2015-08-25
77	62	67	2017-01-25
78	21	87	2017-01-25
78	48	83	2017-01-25
78	59	81	2016-08-25
78	72	65	2016-08-25
79	1	68	2015-01-25
79	28	83	2017-01-25
79	44	83	2016-01-25
79	50	88	2014-01-25
80	7	45	2016-08-25
80	15	90	2017-01-25
80	29	84	2017-08-25
80	39	41	2014-01-25
81	19	52	2017-08-25
81	37	67	2015-01-25
81	42	68	2017-01-25
81	47	52	2016-08-25
82	21	83	2015-01-25
82	26	65	2014-01-25
82	29	70	2016-01-25
82	67	64	2017-01-25
83	13	49	2015-08-25
83	53	57	2017-01-25
83	67	83	2017-01-25
83	76	44	2014-01-25
84	32	54	2015-01-25
84	33	58	2017-01-25
84	49	70	2016-01-25
84	64	72	2016-01-25
85	36	66	2017-01-25
85	49	84	2016-01-25
85	53	54	2017-08-25
85	68	90	2017-01-25
86	7	52	2015-01-25
86	34	38	2014-01-25
86	40	55	2016-01-25
87	7	88	2014-08-25
87	23	51	2016-01-25
87	57	44	2014-01-25
87	63	57	2015-01-25
88	27	65	2016-01-25
88	41	83	2017-01-25
88	43	55	2017-01-25
88	47	64	2015-01-25
89	18	83	2015-01-25
89	54	69	2014-01-25
89	58	54	2016-01-25
89	69	89	2017-01-25
90	15	45	2016-01-25
90	19	54	2015-08-25
90	30	85	2015-01-25
90	42	65	2017-08-25
91	24	36	2015-08-25
91	31	44	2017-08-25
91	61	54	2016-01-25
91	62	88	2017-08-25
92	7	51	2017-01-25
92	15	38	2016-01-25
92	39	55	2015-01-25
93	7	51	2015-01-25
93	59	84	2014-01-25
93	63	89	2017-01-25
94	18	41	2014-08-25
94	48	89	2016-01-25
94	66	73	2016-08-25
94	67	90	2016-01-25
95	36	82	2015-01-25
95	40	44	2017-01-25
95	45	90	2015-01-25
95	74	67	2017-01-25
96	4	72	2015-01-25
96	36	67	2014-01-25
96	56	85	2016-01-25
96	68	49	2017-08-25
97	14	53	2017-08-25
97	19	52	2016-01-25
97	69	51	2017-01-25
97	70	52	2017-01-25
98	6	49	2016-08-25
98	35	87	2015-08-25
98	46	86	2016-01-25
99	3	36	2017-01-25
99	43	36	2017-01-25
99	45	71	2015-01-25
99	56	82	2016-01-25
100	28	83	2016-01-25
100	29	89	2017-08-25
100	50	87	2015-01-25
100	54	81	2015-08-25
100	62	41	2017-08-25
101	18	65	2017-01-25
101	41	87	2016-01-25
101	56	50	2014-01-25
101	62	56	2016-01-25
102	49	81	2014-08-25
102	64	40	2017-01-25
102	68	90	2017-01-25
102	72	89	2015-01-25
103	2	57	2017-01-25
103	12	58	2015-01-25
103	18	81	2017-01-25
103	19	45	2015-01-25
104	6	58	2017-01-25
104	19	41	2016-01-25
104	26	55	2017-01-25
104	44	66	2015-08-25
104	73	50	2014-01-25
105	19	57	2016-01-25
105	32	49	2017-08-25
105	43	45	2015-01-25
105	64	54	2016-08-25
106	19	56	2015-08-25
106	47	86	2016-08-25
106	50	43	2017-08-25
106	67	87	2014-08-25
107	30	53	2017-08-25
107	33	70	2015-01-25
107	39	68	2016-01-25
107	40	81	2017-01-25
107	53	82	2017-01-25
108	20	71	2015-01-25
108	24	56	2017-01-25
108	71	68	2016-01-25
108	75	56	2014-01-25
109	8	90	2016-01-25
109	23	40	2017-01-25
109	39	54	2017-08-25
109	53	42	2015-01-25
110	32	66	2014-01-25
110	51	65	2016-01-25
110	57	72	2016-01-25
110	68	50	2017-01-25
110	72	51	2017-01-25
111	21	38	2015-08-25
111	29	89	2017-01-25
111	70	56	2015-01-25
112	6	40	2016-08-25
112	17	65	2017-08-25
112	63	89	2017-08-25
112	64	72	2016-08-25
113	2	67	2014-01-25
113	33	39	2015-01-25
113	48	83	2016-01-25
113	76	54	2017-01-25
114	29	71	2016-01-25
114	30	52	2016-01-25
114	56	64	2017-08-25
114	71	43	2017-01-25
115	11	56	2015-01-25
115	35	82	2017-01-25
115	59	69	2016-01-25
115	66	88	2017-01-25
116	33	54	2016-01-25
116	52	50	2014-01-25
116	53	71	2016-01-25
116	63	58	2017-01-25
117	32	54	2015-01-25
117	44	40	2017-01-25
117	67	81	2015-08-25
117	72	53	2017-08-25
117	76	82	2014-08-25
118	9	81	2017-01-25
118	23	66	2016-01-25
118	57	36	2015-01-25
119	19	88	2017-01-25
119	35	36	2016-01-25
119	52	44	2014-01-25
120	9	73	2017-08-25
120	23	57	2017-01-25
120	38	71	2017-01-25
120	59	90	2017-01-25
120	71	40	2015-01-25
121	21	38	2016-01-25
121	48	84	2016-01-25
121	68	49	2016-08-25
122	12	72	2016-01-25
122	23	44	2017-08-25
122	26	64	2016-01-25
122	54	67	2016-01-25
123	6	69	2015-01-25
123	7	55	2017-01-25
123	33	89	2016-01-25
123	66	39	2014-01-25
124	37	87	2015-01-25
124	43	83	2017-01-25
124	69	70	2015-08-25
124	75	40	2017-01-25
125	1	54	2016-08-25
125	16	58	2017-01-25
125	29	86	2016-01-25
125	46	86	2017-08-25
125	71	84	2014-01-25
126	8	39	2017-08-25
126	12	90	2016-01-25
126	39	44	2017-01-25
126	60	58	2016-01-25
127	34	51	2015-01-25
127	52	43	2017-01-25
127	54	86	2017-01-25
127	70	42	2015-08-25
128	2	90	2014-01-25
128	21	53	2015-01-25
128	22	73	2016-01-25
128	76	38	2016-01-25
129	11	64	2017-01-25
129	32	44	2015-01-25
129	38	84	2017-01-25
130	23	73	2017-01-25
130	26	64	2017-08-25
130	59	87	2017-08-25
130	66	42	2014-08-25
131	21	65	2014-01-25
131	22	81	2017-01-25
131	23	53	2016-01-25
131	57	81	2016-01-25
132	3	82	2016-01-25
132	10	71	2017-01-25
132	24	39	2015-08-25
132	68	57	2015-01-25
133	33	88	2017-01-25
133	39	38	2017-01-25
133	46	38	2015-01-25
133	57	56	2016-01-25
134	33	57	2017-08-25
134	42	67	2016-01-25
134	52	57	2016-08-25
134	59	64	2015-01-25
134	61	84	2016-01-25
135	9	36	2017-01-25
135	40	88	2015-01-25
135	70	86	2016-01-25
135	75	70	2017-01-25
136	33	43	2014-01-25
136	47	88	2016-01-25
136	51	85	2016-01-25
136	53	51	2015-01-25
137	8	39	2017-01-25
137	15	71	2017-01-25
137	25	57	2017-01-25
138	48	85	2017-08-25
138	62	38	2017-08-25
138	71	68	2016-01-25
138	76	88	2015-08-25
139	2	56	2016-01-25
139	30	84	2015-01-25
139	48	69	2017-01-25
140	23	81	2014-01-25
140	26	82	2017-01-25
140	34	51	2014-01-25
140	70	55	2016-08-25
141	34	41	2017-01-25
141	65	68	2015-01-25
141	73	37	2016-01-25
142	9	82	2016-01-25
142	19	69	2017-01-25
142	38	67	2014-01-25
142	46	85	2017-08-25
143	25	84	2015-01-25
143	28	69	2017-01-25
143	66	67	2016-01-25
144	7	68	2017-01-25
144	29	43	2014-01-25
144	33	55	2016-01-25
144	52	37	2017-08-25
144	64	71	2016-01-25
145	48	64	2017-01-25
145	65	66	2016-01-25
145	69	81	2017-01-25
145	71	70	2015-01-25
146	36	69	2016-01-25
146	41	64	2014-01-25
146	44	65	2014-08-25
146	70	43	2016-08-25
147	16	84	2017-01-25
147	44	68	2017-08-25
147	45	41	2015-01-25
147	59	52	2015-01-25
147	73	67	2016-01-25
148	7	55	2016-01-25
148	35	81	2014-01-25
148	51	70	2014-08-25
148	68	42	2015-08-25
148	69	45	2017-08-25
149	7	44	2016-01-25
149	10	54	2017-08-25
149	16	73	2016-08-25
149	34	69	2017-01-25
150	23	87	2017-01-25
150	26	70	2017-01-25
150	29	52	2015-01-25
150	35	56	2016-01-25
151	2	53	2017-08-25
151	33	43	2017-01-25
151	65	45	2016-01-25
151	73	52	2016-01-25
152	5	55	2016-01-25
152	15	42	2017-01-25
152	54	89	2015-08-25
152	61	40	2014-01-25
153	4	67	2017-01-25
153	15	43	2015-01-25
153	40	36	2017-08-25
153	51	70	2016-01-25
153	56	54	2014-01-25
154	3	90	2016-01-25
154	28	36	2016-01-25
154	35	51	2017-01-25
154	63	83	2014-01-25
155	6	70	2016-08-25
155	27	53	2015-01-25
155	62	72	2016-01-25
155	63	58	2017-08-25
156	8	49	2015-01-25
156	44	56	2014-01-25
156	57	49	2017-01-25
156	68	55	2016-08-25
157	41	70	2016-01-25
157	62	38	2017-01-25
157	65	66	2017-01-25
157	73	69	2016-01-25
158	5	86	2016-01-25
158	26	69	2014-08-25
158	27	43	2015-08-25
158	57	88	2014-01-25
159	21	58	2017-01-25
159	29	86	2017-01-25
159	34	51	2017-08-25
159	48	44	2015-01-25
160	16	41	2017-01-25
160	36	67	2015-01-25
160	52	65	2016-08-25
160	72	43	2016-01-25
161	2	49	2017-01-25
161	15	82	2016-01-25
161	27	54	2016-01-25
161	73	38	2016-01-25
162	1	82	2017-01-25
162	46	56	2015-01-25
162	53	82	2014-01-25
162	55	44	2016-01-25
163	25	84	2016-01-25
163	33	52	2017-01-25
163	48	71	2017-01-25
163	76	67	2017-08-25
164	4	72	2016-01-25
164	31	40	2016-01-25
164	35	67	2017-08-25
164	50	81	2016-01-25
165	12	40	2015-01-25
165	44	65	2017-01-25
165	67	72	2015-01-25
165	76	88	2017-01-25
166	13	45	2016-01-25
166	25	69	2014-01-25
166	43	50	2016-08-25
166	69	41	2017-08-25
167	1	44	2017-01-25
167	19	90	2017-01-25
167	53	70	2015-01-25
167	57	44	2016-01-25
168	10	66	2016-01-25
168	22	39	2017-08-25
168	34	51	2016-01-25
168	46	73	2017-01-25
169	9	72	2015-01-25
169	28	40	2016-01-25
169	57	70	2017-01-25
170	26	50	2016-01-25
170	32	39	2016-01-25
170	63	45	2016-08-25
171	9	90	2016-08-25
171	25	49	2014-08-25
171	39	42	2017-01-25
171	60	39	2015-08-25
172	35	53	2015-01-25
172	38	84	2017-01-25
172	46	73	2017-01-25
173	16	57	2016-01-25
173	34	82	2014-01-25
173	35	81	2016-01-25
173	42	50	2016-01-25
174	10	55	2017-08-25
174	47	85	2017-08-25
174	58	37	2017-01-25
174	60	67	2015-01-25
175	12	49	2014-01-25
175	21	86	2017-01-25
175	48	55	2016-01-25
175	64	38	2016-01-25
176	38	44	2016-08-25
176	52	86	2015-08-25
176	60	82	2015-08-25
177	38	66	2014-01-25
177	56	73	2016-01-25
177	58	51	2015-01-25
177	66	40	2017-01-25
178	6	56	2017-01-25
178	26	71	2016-08-25
178	48	73	2016-01-25
178	54	42	2016-01-25
178	67	84	2016-08-25
179	16	66	2017-01-25
179	24	55	2017-08-25
179	25	64	2016-01-25
179	30	58	2014-01-25
179	38	65	2015-01-25
180	35	73	2014-01-25
180	56	72	2017-01-25
180	65	58	2016-01-25
180	68	89	2015-01-25
181	36	89	2015-01-25
181	41	40	2017-01-25
181	54	86	2016-08-25
181	59	43	2016-01-25
182	4	90	2017-01-25
182	47	89	2017-08-25
182	50	50	2016-01-25
183	9	72	2015-01-25
183	48	41	2015-08-25
183	57	69	2017-01-25
183	70	65	2014-01-25
184	12	89	2016-01-25
184	28	42	2015-01-25
184	37	68	2017-01-25
184	50	66	2017-01-25
185	21	68	2016-01-25
185	48	85	2014-01-25
185	56	38	2017-01-25
185	69	90	2015-01-25
186	9	84	2017-08-25
186	32	66	2017-08-25
186	41	45	2015-08-25
186	63	65	2014-08-25
187	36	44	2017-01-25
187	54	55	2017-01-25
187	70	41	2016-01-25
187	71	57	2016-01-25
188	1	71	2014-01-25
188	7	70	2016-01-25
188	13	58	2016-01-25
188	14	64	2017-01-25
189	16	68	2014-01-25
189	37	67	2017-01-25
189	39	38	2015-01-25
189	52	65	2016-01-25
190	18	84	2017-01-25
190	34	73	2017-08-25
190	38	49	2015-08-25
190	68	84	2017-08-25
191	1	42	2017-08-25
191	7	39	2016-08-25
191	47	57	2015-01-25
191	50	83	2016-01-25
192	5	71	2017-01-25
192	33	65	2017-01-25
192	48	40	2017-01-25
192	76	72	2016-08-25
193	10	56	2017-01-25
193	12	56	2014-01-25
193	39	45	2016-01-25
193	46	66	2015-01-25
194	4	51	2017-08-25
194	11	85	2017-01-25
194	49	71	2015-01-25
194	65	52	2017-01-25
195	34	36	2016-01-25
195	56	88	2015-01-25
195	58	44	2017-08-25
195	59	83	2017-01-25
196	1	55	2014-08-25
196	9	65	2014-01-25
196	32	42	2016-01-25
196	72	56	2017-01-25
197	21	41	2016-01-25
197	35	89	2016-01-25
197	48	86	2015-01-25
197	70	66	2014-01-25
198	23	84	2017-01-25
198	32	52	2017-01-25
198	69	39	2015-08-25
198	70	51	2014-01-25
199	6	66	2016-01-25
199	18	64	2015-01-25
199	31	67	2016-01-25
199	62	89	2014-01-25
200	10	66	2017-01-25
200	24	38	2015-01-25
200	45	36	2016-01-25
200	59	39	2017-01-25
201	26	65	2017-08-25
201	29	83	2015-01-25
201	30	68	2016-01-25
201	57	51	2014-01-25
202	15	71	2017-01-25
202	17	65	2015-01-25
202	70	54	2016-08-25
202	72	43	2017-01-25
203	14	65	2016-01-25
203	18	90	2014-01-25
203	65	65	2016-01-25
204	29	55	2016-01-25
204	39	39	2017-01-25
204	40	67	2015-01-25
204	75	57	2017-01-25
205	27	73	2017-08-25
205	33	65	2017-08-25
205	36	82	2015-08-25
205	40	65	2016-01-25
206	9	64	2015-01-25
206	20	71	2016-01-25
206	54	81	2014-01-25
206	66	42	2017-01-25
207	40	50	2016-01-25
207	60	44	2014-01-25
207	73	85	2016-08-25
207	74	38	2017-01-25
208	15	86	2014-01-25
208	26	54	2015-01-25
208	28	42	2017-08-25
208	57	49	2015-01-25
209	36	55	2017-08-25
209	38	37	2014-01-25
209	56	38	2014-01-25
209	75	36	2017-01-25
210	6	69	2015-01-25
210	30	72	2017-01-25
210	49	71	2017-01-25
210	53	84	2014-08-25
211	6	71	2016-01-25
211	62	71	2016-01-25
211	63	36	2017-08-25
212	11	81	2017-01-25
212	29	38	2016-01-25
212	50	45	2017-01-25
212	71	50	2017-01-25
213	1	84	2015-08-25
213	23	52	2016-08-25
213	47	86	2016-08-25
213	69	39	2017-08-25
213	73	50	2017-08-25
214	30	65	2017-01-25
214	32	53	2015-01-25
214	36	53	2016-01-25
214	51	66	2015-01-25
215	53	43	2014-08-25
215	60	87	2017-08-25
215	69	82	2016-08-25
215	75	39	2015-08-25
216	15	56	2014-01-25
216	20	42	2016-01-25
216	70	55	2015-01-25
216	75	50	2017-01-25
217	14	71	2016-08-25
217	33	53	2017-08-25
217	54	70	2016-08-25
217	66	50	2016-01-25
218	29	50	2014-01-25
218	49	86	2017-01-25
218	73	71	2017-01-25
219	1	70	2015-01-25
219	23	43	2016-01-25
219	32	54	2016-01-25
219	42	68	2017-01-25
220	13	82	2015-08-25
220	33	52	2014-08-25
220	48	71	2017-01-25
220	67	82	2014-08-25
221	16	58	2017-01-25
221	59	65	2014-01-25
221	64	89	2015-01-25
221	74	70	2017-01-25
222	29	90	2017-01-25
222	35	57	2016-08-25
222	75	56	2017-08-25
223	32	39	2015-01-25
223	33	43	2016-01-25
223	61	73	2017-01-25
223	63	84	2016-01-25
224	4	44	2016-08-25
224	29	88	2015-01-25
224	41	87	2017-08-25
224	44	73	2017-01-25
225	26	65	2017-08-25
225	42	88	2017-08-25
225	45	72	2014-01-25
225	69	89	2017-01-25
226	28	84	2014-08-25
226	47	56	2016-01-25
226	52	58	2017-01-25
226	74	89	2017-01-25
227	2	73	2015-08-25
227	21	52	2016-01-25
227	29	73	2014-01-25
227	51	83	2015-01-25
228	57	90	2015-01-25
228	62	88	2015-01-25
228	67	68	2017-08-25
228	76	52	2016-01-25
229	21	52	2017-01-25
229	29	73	2014-01-25
229	74	44	2016-08-25
229	76	82	2017-01-25
230	21	82	2015-01-25
230	37	39	2017-01-25
230	71	67	2017-08-25
230	76	66	2017-01-25
231	9	84	2014-08-25
231	21	73	2016-08-25
231	32	40	2015-01-25
231	67	39	2015-08-25
232	26	71	2014-01-25
232	33	69	2017-01-25
232	36	43	2017-08-25
232	57	90	2016-01-25
233	1	44	2017-01-25
233	15	90	2016-01-25
233	30	57	2017-01-25
233	32	66	2015-01-25
234	5	45	2016-01-25
234	32	43	2017-01-25
234	38	71	2017-01-25
234	64	64	2014-01-25
235	32	71	2016-01-25
235	42	89	2014-01-25
235	47	90	2015-01-25
235	60	67	2016-01-25
236	21	58	2017-01-25
236	37	66	2017-01-25
236	52	66	2017-01-25
236	76	45	2017-08-25
237	6	52	2014-01-25
237	11	69	2016-01-25
237	18	36	2015-01-25
237	29	53	2017-08-25
238	20	53	2017-01-25
238	21	39	2017-01-25
238	48	83	2016-01-25
238	56	87	2015-01-25
239	26	57	2016-01-25
239	34	41	2016-08-25
239	42	49	2015-01-25
240	52	86	2014-01-25
240	69	81	2017-08-25
240	70	65	2017-08-25
240	75	72	2016-01-25
241	1	64	2017-01-25
241	13	36	2017-01-25
241	31	73	2016-01-25
241	33	70	2016-01-25
242	2	38	2017-01-25
242	18	53	2015-01-25
242	21	65	2017-01-25
242	67	58	2015-01-25
243	7	85	2016-01-25
243	28	44	2014-01-25
243	43	50	2016-08-25
243	74	69	2017-01-25
244	8	55	2016-01-25
244	17	42	2014-01-25
244	37	67	2017-01-25
244	68	64	2015-08-25
245	5	85	2017-08-25
245	11	41	2017-08-25
245	34	52	2017-08-25
245	35	56	2017-08-25
246	4	64	2017-01-25
246	27	85	2017-01-25
246	62	45	2016-01-25
246	73	53	2016-01-25
247	26	40	2014-08-25
247	29	53	2015-01-25
247	35	71	2015-08-25
247	69	54	2016-01-25
248	1	65	2016-08-25
248	19	37	2017-08-25
248	50	89	2017-08-25
248	69	54	2017-01-25
249	7	56	2017-01-25
249	35	81	2016-01-25
249	38	54	2017-01-25
249	63	58	2016-01-25
250	1	43	2016-08-25
250	19	39	2015-08-25
250	50	72	2016-08-25
250	71	45	2015-01-25
251	31	70	2016-01-25
251	44	65	2017-01-25
251	56	87	2016-01-25
251	69	64	2017-08-25
252	9	42	2017-08-25
252	21	49	2017-01-25
252	48	38	2017-01-25
252	49	38	2015-08-25
253	8	36	2017-01-25
253	17	82	2016-01-25
253	36	90	2014-01-25
253	46	67	2014-08-25
253	47	82	2017-08-25
254	6	55	2016-08-25
254	22	83	2016-01-25
254	23	39	2017-08-25
254	32	84	2014-01-25
255	37	88	2015-01-25
255	40	42	2017-01-25
255	69	52	2014-01-25
255	70	88	2017-08-25
256	7	81	2016-08-25
256	16	70	2015-08-25
256	33	82	2016-08-25
256	44	73	2017-01-25
257	12	56	2015-01-25
257	39	43	2017-08-25
257	54	83	2017-08-25
257	57	41	2015-01-25
257	64	73	2017-08-25
258	8	68	2017-01-25
258	30	44	2017-01-25
258	58	42	2015-01-25
258	73	54	2015-08-25
259	6	50	2017-01-25
259	26	83	2014-08-25
259	33	88	2016-01-25
259	68	37	2015-01-25
260	6	90	2017-01-25
260	35	58	2016-01-25
260	48	89	2015-08-25
260	67	67	2017-08-25
261	7	73	2016-01-25
261	13	67	2015-08-25
261	29	51	2016-08-25
261	69	64	2017-08-25
262	1	45	2016-01-25
262	27	42	2015-01-25
262	67	36	2016-01-25
262	76	50	2017-01-25
263	19	44	2017-01-25
263	25	45	2016-08-25
263	61	70	2014-01-25
263	66	44	2016-01-25
264	25	37	2015-01-25
264	41	81	2017-08-25
264	52	87	2017-08-25
264	60	52	2015-01-25
265	18	87	2017-01-25
265	19	66	2016-01-25
265	47	38	2015-01-25
265	50	89	2015-08-25
266	10	54	2016-08-25
266	31	69	2017-08-25
266	59	86	2016-01-25
266	66	87	2017-01-25
267	37	70	2014-01-25
267	39	72	2014-08-25
267	43	85	2017-01-25
267	51	90	2016-08-25
268	30	50	2016-01-25
268	32	69	2017-01-25
268	44	71	2017-08-25
268	56	52	2017-01-25
268	57	71	2015-01-25
269	4	70	2016-01-25
269	46	66	2017-08-25
269	50	69	2015-08-25
269	59	64	2016-01-25
270	11	65	2016-08-25
270	67	51	2017-08-25
270	70	82	2016-08-25
270	75	41	2017-08-25
271	37	44	2015-01-25
271	48	88	2016-01-25
271	69	89	2014-01-25
271	70	51	2017-01-25
272	6	53	2016-08-25
272	35	84	2016-01-25
272	51	58	2017-01-25
272	65	64	2017-08-25
273	6	81	2015-01-25
273	15	39	2017-01-25
273	23	38	2017-08-25
273	41	56	2015-08-25
273	56	43	2017-01-25
274	36	49	2014-01-25
274	44	56	2017-08-25
274	53	54	2017-01-25
274	74	88	2017-01-25
275	29	72	2017-01-25
275	53	44	2015-01-25
275	70	73	2016-08-25
275	73	66	2016-01-25
276	17	85	2016-01-25
276	32	52	2017-08-25
276	33	56	2015-08-25
276	70	83	2017-01-25
277	21	88	2017-08-25
277	27	72	2014-01-25
277	35	57	2017-08-25
277	76	87	2016-08-25
278	15	43	2016-01-25
278	17	89	2014-01-25
278	32	42	2015-01-25
278	43	81	2015-01-25
279	11	90	2017-08-25
279	21	86	2016-01-25
279	68	88	2016-08-25
279	76	45	2017-01-25
280	37	67	2015-01-25
280	39	50	2017-01-25
280	48	54	2017-01-25
280	76	90	2015-08-25
281	15	89	2016-08-25
281	23	64	2017-08-25
281	24	52	2015-01-25
281	29	86	2014-01-25
281	57	41	2016-01-25
282	1	65	2017-08-25
282	27	58	2017-01-25
282	30	42	2017-08-25
282	51	70	2015-08-25
283	14	84	2017-01-25
283	19	51	2017-01-25
283	21	56	2016-01-25
283	44	69	2015-01-25
284	1	83	2017-08-25
284	29	89	2016-08-25
284	41	45	2015-01-25
284	75	81	2015-01-25
285	19	50	2014-01-25
285	32	82	2017-01-25
285	42	53	2014-08-25
285	47	65	2015-01-25
286	8	38	2015-01-25
286	13	71	2015-08-25
286	17	67	2017-01-25
286	50	41	2017-08-25
286	63	71	2017-08-25
287	3	40	2017-01-25
287	26	36	2016-01-25
287	33	88	2017-01-25
287	46	88	2016-08-25
288	40	81	2017-01-25
288	41	45	2017-01-25
288	49	81	2017-08-25
288	67	49	2015-01-25
289	10	70	2015-08-25
289	59	65	2016-08-25
289	63	51	2017-08-25
289	73	38	2017-01-25
290	8	88	2017-01-25
290	12	67	2017-01-25
290	21	83	2017-01-25
290	67	71	2015-01-25
291	43	73	2015-01-25
291	50	89	2016-08-25
291	60	36	2017-01-25
292	12	89	2017-01-25
292	17	41	2017-08-25
292	36	90	2016-01-25
292	39	73	2015-01-25
292	65	85	2017-01-25
293	44	42	2014-01-25
293	51	40	2015-01-25
293	54	38	2017-01-25
293	73	55	2016-01-25
294	26	81	2015-01-25
294	36	84	2014-08-25
294	42	44	2016-01-25
294	65	90	2017-08-25
295	3	45	2017-01-25
295	63	57	2014-01-25
295	75	84	2015-01-25
296	48	54	2016-01-25
296	56	49	2017-01-25
296	62	36	2016-01-25
296	67	56	2017-08-25
297	10	40	2015-01-25
297	20	68	2017-01-25
297	26	89	2017-01-25
297	31	36	2017-08-25
297	33	42	2015-08-25
298	17	56	2017-01-25
298	25	65	2017-01-25
298	26	72	2015-01-25
298	42	50	2014-08-25
299	39	90	2016-01-25
299	50	70	2017-08-25
299	53	72	2017-08-25
300	22	40	2017-01-25
300	46	66	2015-01-25
300	60	36	2015-01-25
300	67	82	2015-08-25
301	5	58	2017-08-25
301	20	69	2015-08-25
301	50	44	2017-01-25
302	25	86	2016-01-25
302	55	88	2015-01-25
302	66	64	2015-01-25
302	74	69	2014-01-25
303	1	70	2014-01-25
303	23	86	2017-01-25
303	27	81	2017-01-25
303	46	82	2016-01-25
304	2	53	2017-08-25
304	8	87	2015-01-25
304	49	53	2017-01-25
304	53	49	2016-08-25
304	72	37	2015-08-25
305	13	43	2016-01-25
305	19	71	2017-01-25
305	44	37	2017-08-25
305	72	81	2016-08-25
306	8	42	2016-01-25
306	22	44	2017-08-25
306	30	69	2015-01-25
306	44	72	2017-08-25
307	19	39	2017-01-25
307	37	82	2017-01-25
307	40	84	2015-01-25
307	43	40	2015-08-25
308	14	58	2016-08-25
308	24	73	2017-01-25
308	31	40	2015-01-25
308	64	90	2014-01-25
309	12	41	2017-01-25
309	15	88	2017-08-25
309	50	65	2014-08-25
309	61	43	2016-01-25
310	21	88	2015-01-25
310	22	64	2014-01-25
310	67	40	2017-01-25
311	35	69	2017-01-25
311	45	69	2017-08-25
311	67	37	2017-01-25
311	76	71	2016-01-25
312	6	89	2017-01-25
312	29	65	2015-01-25
312	38	42	2017-08-25
312	69	66	2017-01-25
313	16	52	2016-01-25
313	19	49	2016-01-25
313	24	54	2015-08-25
313	68	50	2017-08-25
314	29	86	2015-01-25
314	32	64	2017-01-25
314	70	45	2016-08-25
315	21	65	2017-01-25
315	56	53	2015-01-25
315	69	58	2014-01-25
315	70	54	2016-01-25
316	45	53	2017-08-25
316	56	87	2015-08-25
316	68	36	2016-01-25
316	71	38	2016-01-25
317	13	73	2017-08-25
317	17	53	2015-01-25
317	30	49	2017-01-25
317	70	36	2017-01-25
318	24	87	2016-08-25
318	33	39	2015-01-25
318	42	86	2017-01-25
318	43	86	2014-01-25
318	61	81	2015-01-25
319	42	52	2017-01-25
319	57	37	2016-01-25
319	63	38	2015-01-25
319	73	53	2016-01-25
320	18	84	2017-01-25
320	25	51	2017-08-25
320	66	57	2017-01-25
320	74	85	2015-01-25
321	5	43	2017-08-25
321	9	42	2015-08-25
321	60	36	2017-08-25
321	64	55	2014-08-25
322	11	41	2016-08-25
322	22	73	2017-08-25
322	41	54	2016-01-25
322	55	64	2017-01-25
322	62	41	2017-01-25
323	27	83	2015-08-25
323	35	68	2017-08-25
323	43	44	2016-08-25
323	44	86	2017-08-25
324	23	49	2017-08-25
324	26	40	2017-08-25
324	33	44	2015-08-25
324	42	64	2016-01-25
325	1	54	2015-01-25
325	28	53	2015-01-25
325	53	73	2017-01-25
325	59	88	2017-01-25
326	23	40	2017-08-25
326	28	54	2017-01-25
326	38	66	2014-01-25
326	70	54	2017-01-25
326	71	37	2016-08-25
327	20	38	2017-01-25
327	28	68	2015-01-25
327	64	56	2015-01-25
327	74	83	2015-01-25
328	7	87	2016-01-25
328	23	58	2016-08-25
328	33	55	2014-08-25
328	73	41	2017-08-25
329	3	86	2016-01-25
329	10	45	2017-08-25
329	47	45	2015-01-25
329	69	38	2017-01-25
329	75	72	2016-01-25
330	45	42	2016-01-25
330	67	41	2017-01-25
330	76	83	2017-01-25
331	1	65	2015-08-25
331	24	58	2017-01-25
331	28	66	2017-01-25
331	44	67	2017-01-25
331	51	53	2015-01-25
332	3	56	2016-08-25
332	22	54	2017-01-25
332	32	58	2017-08-25
332	64	58	2014-01-25
333	4	71	2016-01-25
333	39	87	2017-01-25
333	48	55	2016-01-25
333	76	83	2015-01-25
334	32	49	2017-08-25
334	33	66	2017-01-25
334	42	90	2016-01-25
334	70	36	2015-01-25
335	9	58	2016-01-25
335	23	49	2017-01-25
335	56	50	2017-08-25
335	69	54	2015-08-25
336	7	44	2017-01-25
336	27	89	2015-01-25
336	49	54	2015-01-25
336	64	56	2015-01-25
337	19	52	2016-08-25
337	41	81	2014-01-25
337	47	37	2015-01-25
338	4	45	2017-01-25
338	14	53	2017-01-25
338	55	41	2017-01-25
338	59	82	2014-01-25
339	26	44	2015-01-25
339	32	66	2017-08-25
339	47	52	2016-01-25
339	68	55	2017-01-25
340	5	55	2014-08-25
340	11	83	2015-01-25
340	52	43	2017-08-25
340	56	53	2017-08-25
341	23	82	2017-01-25
341	26	73	2017-08-25
341	32	40	2016-01-25
341	44	52	2016-01-25
342	29	86	2015-01-25
342	43	66	2017-01-25
342	68	84	2017-01-25
342	75	73	2015-01-25
343	22	71	2017-01-25
343	26	83	2017-08-25
343	42	50	2015-01-25
343	67	49	2015-08-25
344	6	86	2017-01-25
344	23	37	2016-01-25
344	32	43	2015-01-25
344	42	85	2015-01-25
345	9	82	2017-01-25
345	32	40	2016-08-25
345	33	43	2014-01-25
345	43	55	2017-01-25
346	23	54	2015-01-25
346	34	42	2016-01-25
346	42	37	2017-08-25
346	57	49	2017-08-25
347	8	57	2017-01-25
347	26	66	2017-01-25
347	29	41	2015-01-25
347	32	42	2017-08-25
348	25	89	2016-01-25
348	39	49	2015-01-25
348	59	41	2017-01-25
348	66	44	2017-01-25
349	4	66	2017-01-25
349	26	85	2016-01-25
349	28	45	2016-08-25
349	31	58	2016-08-25
350	17	90	2015-01-25
350	39	55	2017-01-25
350	55	86	2017-08-25
350	75	83	2017-01-25
351	10	90	2017-01-25
351	32	38	2015-01-25
351	39	55	2016-01-25
351	53	64	2014-01-25
352	18	36	2015-01-25
352	67	40	2015-08-25
352	76	45	2017-01-25
353	29	39	2016-01-25
353	47	69	2017-08-25
353	51	70	2016-08-25
353	69	39	2014-08-25
354	48	44	2017-01-25
354	59	45	2016-01-25
354	70	41	2017-08-25
354	71	89	2016-08-25
355	21	86	2017-01-25
355	22	90	2017-08-25
355	32	37	2015-08-25
355	67	44	2015-01-25
356	18	36	2017-08-25
356	28	42	2017-01-25
356	49	66	2016-08-25
357	12	56	2016-01-25
357	15	40	2017-01-25
357	26	86	2017-01-25
358	16	36	2015-08-25
358	34	69	2017-01-25
358	38	39	2017-08-25
358	62	89	2015-01-25
359	4	72	2017-01-25
359	10	50	2017-08-25
359	11	70	2017-08-25
359	51	85	2015-08-25
360	5	87	2015-01-25
360	10	82	2017-01-25
360	11	54	2014-01-25
360	73	64	2014-08-25
361	1	41	2017-01-25
361	19	89	2015-01-25
361	28	82	2017-01-25
361	65	82	2016-01-25
362	4	68	2017-08-25
362	27	40	2017-08-25
362	29	71	2017-01-25
362	41	81	2016-08-25
363	10	89	2015-08-25
363	14	36	2017-08-25
363	28	56	2017-01-25
363	47	51	2017-08-25
364	16	89	2016-01-25
364	18	55	2015-01-25
364	31	41	2017-01-25
364	35	54	2015-01-25
365	19	73	2017-08-25
365	44	42	2016-01-25
365	55	83	2016-08-25
365	68	88	2017-01-25
366	20	89	2017-01-25
366	28	69	2017-08-25
366	62	52	2015-01-25
366	66	44	2015-01-25
367	1	42	2016-01-25
367	9	68	2017-01-25
367	28	90	2017-01-25
367	59	43	2015-01-25
368	22	66	2016-01-25
368	23	87	2017-08-25
368	32	89	2017-08-25
368	72	64	2016-08-25
369	2	81	2017-08-25
369	22	58	2017-08-25
369	37	82	2016-01-25
369	52	81	2017-01-25
370	15	81	2016-08-25
370	22	65	2015-08-25
370	32	58	2017-01-25
370	53	50	2014-08-25
371	16	85	2014-01-25
371	37	67	2017-01-25
371	61	70	2015-01-25
371	70	53	2017-01-25
372	4	43	2016-08-25
372	41	54	2017-01-25
372	54	58	2017-08-25
372	74	65	2017-08-25
373	5	56	2016-01-25
373	35	45	2016-01-25
373	61	71	2015-01-25
373	66	37	2017-01-25
374	3	73	2017-01-25
374	31	49	2016-01-25
374	54	58	2017-01-25
374	68	72	2015-01-25
375	21	51	2016-08-25
375	30	43	2015-01-25
375	48	51	2017-01-25
375	66	89	2017-08-25
375	76	57	2017-08-25
376	2	37	2017-01-25
376	17	81	2014-08-25
376	20	57	2015-01-25
376	59	89	2015-08-25
377	18	70	2016-01-25
377	59	42	2016-08-25
377	61	81	2017-08-25
377	68	56	2014-01-25
378	13	37	2017-08-25
378	25	90	2017-08-25
378	46	88	2015-08-25
378	59	58	2017-01-25
379	4	68	2017-01-25
379	53	89	2016-01-25
379	67	87	2015-01-25
379	76	64	2017-01-25
380	6	68	2017-08-25
380	33	43	2017-01-25
380	48	65	2017-01-25
380	76	38	2016-08-25
381	26	41	2016-01-25
381	28	66	2015-08-25
381	48	43	2016-01-25
381	76	57	2015-01-25
382	3	81	2017-01-25
382	18	53	2017-08-25
382	24	67	2017-01-25
382	75	81	2017-08-25
383	6	69	2016-01-25
383	20	55	2017-01-25
383	48	40	2017-01-25
383	60	57	2016-08-25
384	15	40	2016-01-25
384	17	83	2015-08-25
384	26	44	2017-01-25
384	32	42	2015-01-25
384	61	57	2017-08-25
385	11	38	2016-01-25
385	13	53	2015-01-25
385	19	65	2017-01-25
385	50	49	2017-01-25
386	11	42	2017-01-25
386	17	81	2017-08-25
386	37	57	2016-01-25
386	39	49	2017-08-25
387	8	71	2014-01-25
387	46	52	2017-01-25
387	51	57	2014-08-25
387	61	45	2016-01-25
388	14	45	2015-08-25
388	29	41	2017-01-25
388	70	73	2017-08-25
388	75	82	2016-01-25
389	27	68	2016-01-25
389	41	81	2017-08-25
389	63	43	2017-01-25
389	68	90	2015-01-25
390	29	53	2016-08-25
390	53	70	2017-01-25
390	65	50	2015-08-25
390	75	40	2017-01-25
391	15	50	2017-08-25
391	31	38	2014-01-25
391	32	38	2015-01-25
391	44	49	2016-01-25
392	36	90	2016-08-25
392	45	88	2015-01-25
392	51	81	2016-01-25
392	53	64	2017-01-25
393	19	43	2015-01-25
393	25	84	2016-01-25
393	47	43	2017-01-25
393	57	89	2015-01-25
394	1	36	2017-08-25
394	16	68	2016-08-25
394	31	40	2017-08-25
394	56	69	2017-08-25
395	30	37	2017-01-25
395	32	83	2014-01-25
395	39	50	2016-01-25
395	53	49	2017-08-25
396	58	66	2017-08-25
396	59	37	2017-01-25
396	61	88	2015-01-25
396	64	53	2017-01-25
397	9	84	2015-01-25
397	11	85	2016-08-25
397	26	52	2017-08-25
397	48	56	2017-08-25
398	6	44	2017-01-25
398	29	40	2015-01-25
398	40	58	2017-01-25
398	68	88	2016-01-25
399	5	86	2017-01-25
399	12	40	2016-01-25
399	20	81	2017-08-25
399	21	53	2017-01-25
400	5	65	2017-01-25
400	25	72	2016-01-25
400	43	52	2017-01-25
400	61	65	2017-08-25
401	23	83	2017-08-25
401	32	50	2015-08-25
401	35	72	2015-01-25
401	57	40	2014-08-25
402	10	70	2015-01-25
402	12	72	2017-01-25
402	17	71	2017-01-25
402	31	90	2017-01-25
403	14	82	2017-01-25
403	23	81	2017-08-25
403	32	68	2014-01-25
403	44	72	2017-01-25
403	70	82	2016-08-25
404	17	41	2015-01-25
404	18	43	2016-01-25
404	41	44	2017-01-25
404	65	88	2015-08-25
405	26	86	2015-01-25
405	43	72	2017-08-25
405	45	42	2017-01-25
405	62	83	2017-01-25
406	10	38	2016-01-25
406	11	57	2017-01-25
406	51	86	2015-01-25
406	56	56	2017-01-25
407	2	51	2016-08-25
407	15	55	2017-08-25
407	51	88	2017-08-25
407	74	45	2017-01-25
408	29	86	2016-01-25
408	30	55	2017-01-25
408	46	49	2017-01-25
408	51	58	2016-01-25
408	53	66	2015-01-25
409	19	37	2017-01-25
409	25	51	2015-01-25
409	30	69	2017-08-25
409	51	72	2017-08-25
410	2	37	2017-08-25
410	15	39	2017-01-25
410	17	43	2017-01-25
410	30	58	2014-01-25
411	48	40	2017-08-25
411	58	53	2015-01-25
411	66	67	2017-08-25
411	67	44	2016-08-25
412	22	65	2015-01-25
412	36	88	2017-01-25
412	67	70	2017-01-25
412	76	36	2016-01-25
413	16	83	2017-08-25
413	19	39	2014-08-25
413	46	81	2017-08-25
414	14	38	2017-01-25
414	49	89	2017-01-25
414	58	89	2017-01-25
414	67	42	2015-01-25
415	8	85	2017-08-25
415	49	71	2016-08-25
415	51	71	2017-08-25
415	56	40	2017-01-25
416	6	57	2015-01-25
416	49	58	2017-01-25
416	54	53	2017-01-25
416	64	68	2016-01-25
417	28	57	2015-08-25
417	43	66	2017-01-25
417	44	70	2014-01-25
417	67	40	2016-01-25
418	25	44	2015-01-25
418	33	51	2017-01-25
418	37	65	2017-01-25
418	59	57	2017-08-25
419	9	38	2015-01-25
419	23	57	2017-08-25
419	66	38	2017-08-25
419	74	71	2016-08-25
420	11	51	2014-08-25
420	34	85	2015-08-25
420	50	44	2017-01-25
421	9	40	2016-01-25
421	32	58	2017-01-25
421	38	68	2016-01-25
421	39	43	2015-01-25
422	12	38	2017-08-25
422	14	55	2017-01-25
422	20	88	2017-01-25
422	51	68	2016-08-25
422	55	83	2017-08-25
423	29	84	2015-01-25
423	38	43	2016-08-25
423	60	89	2016-01-25
423	71	73	2017-01-25
424	34	53	2017-01-25
424	45	82	2016-08-25
424	50	44	2017-08-25
424	73	64	2016-01-25
425	6	51	2017-01-25
425	10	70	2015-01-25
425	28	42	2015-01-25
425	56	45	2017-01-25
426	5	43	2015-08-25
426	25	86	2017-01-25
426	30	90	2017-01-25
426	32	38	2015-01-25
426	66	87	2014-01-25
427	19	36	2014-08-25
427	28	69	2015-01-25
427	41	51	2017-08-25
427	50	64	2015-01-25
428	3	58	2017-08-25
428	16	69	2016-08-25
428	38	42	2017-08-25
428	59	90	2015-08-25
429	2	55	2016-08-25
429	53	81	2017-08-25
429	58	54	2016-08-25
429	63	52	2016-01-25
430	9	52	2015-08-25
430	19	82	2017-01-25
430	35	56	2017-08-25
430	43	82	2015-08-25
430	47	82	2016-01-25
431	24	67	2015-01-25
431	41	72	2017-01-25
431	69	51	2014-08-25
431	75	86	2017-08-25
432	1	72	2015-08-25
432	12	90	2016-01-25
432	14	82	2017-08-25
432	30	37	2017-01-25
433	28	88	2016-08-25
433	46	51	2016-08-25
433	62	36	2015-01-25
433	66	58	2017-01-25
434	9	44	2017-01-25
434	13	52	2017-08-25
434	42	58	2017-01-25
434	62	89	2017-08-25
435	24	89	2017-08-25
435	35	36	2017-01-25
435	56	90	2014-01-25
435	70	84	2017-01-25
436	2	72	2015-08-25
436	21	86	2017-01-25
436	48	45	2015-01-25
436	60	88	2016-08-25
437	1	89	2017-08-25
437	5	38	2017-08-25
437	47	38	2017-01-25
437	50	83	2014-08-25
438	14	49	2016-01-25
438	45	52	2016-01-25
438	63	86	2016-08-25
438	67	71	2015-01-25
439	21	57	2015-08-25
439	22	42	2016-08-25
439	66	44	2016-08-25
440	55	65	2017-01-25
440	69	72	2015-08-25
440	70	84	2017-08-25
440	72	72	2016-01-25
441	25	85	2016-08-25
441	48	52	2017-01-25
441	70	49	2014-08-25
441	76	57	2017-01-25
442	9	66	2017-08-25
442	26	38	2017-01-25
442	27	44	2017-08-25
442	72	64	2017-01-25
443	21	66	2017-01-25
443	50	52	2016-08-25
443	76	40	2017-01-25
444	20	39	2016-01-25
444	23	83	2015-08-25
444	58	68	2017-01-25
444	59	69	2015-01-25
445	14	44	2017-01-25
445	18	82	2017-08-25
445	48	85	2017-01-25
445	67	82	2017-08-25
446	6	84	2017-08-25
446	34	54	2015-08-25
446	48	39	2017-08-25
446	67	82	2016-08-25
447	29	56	2014-01-25
447	57	82	2015-01-25
447	70	84	2014-08-25
448	10	53	2014-08-25
448	21	53	2017-08-25
448	44	82	2015-01-25
448	67	58	2017-08-25
449	26	49	2016-08-25
449	33	51	2017-08-25
449	42	89	2016-08-25
449	70	57	2017-08-25
450	7	88	2017-08-25
450	15	69	2017-08-25
450	17	88	2014-08-25
450	69	72	2017-01-25
451	36	55	2017-01-25
451	57	52	2017-01-25
451	71	68	2016-01-25
451	75	87	2017-01-25
452	15	81	2017-08-25
452	22	57	2016-08-25
452	30	45	2017-08-25
452	51	50	2015-08-25
453	63	54	2017-08-25
453	67	52	2016-01-25
453	73	44	2016-08-25
453	76	87	2015-01-25
454	18	55	2017-01-25
454	42	50	2015-01-25
454	47	89	2014-08-25
454	62	56	2015-08-25
455	10	73	2016-08-25
455	38	83	2017-08-25
455	40	84	2017-08-25
455	73	56	2017-01-25
456	4	66	2017-01-25
456	21	55	2017-01-25
456	70	51	2016-01-25
456	75	57	2014-01-25
457	2	37	2017-08-25
457	5	44	2016-08-25
457	11	54	2015-01-25
457	52	72	2016-01-25
458	14	89	2017-01-25
458	49	64	2015-01-25
458	69	40	2015-08-25
458	70	88	2016-01-25
459	26	54	2017-01-25
459	27	39	2016-01-25
459	42	41	2016-01-25
460	2	58	2017-08-25
460	9	37	2017-01-25
460	10	89	2017-08-25
460	54	44	2015-01-25
460	55	85	2017-01-25
461	13	45	2017-01-25
461	29	86	2016-08-25
461	41	66	2017-08-25
461	75	43	2017-08-25
462	23	36	2017-08-25
462	28	70	2014-08-25
462	49	81	2016-01-25
462	65	64	2016-01-25
463	20	65	2016-08-25
463	53	88	2015-01-25
463	58	44	2017-01-25
463	71	40	2017-01-25
464	11	70	2016-01-25
464	34	67	2014-01-25
464	59	69	2015-08-25
464	74	57	2017-08-25
465	14	50	2016-08-25
465	24	53	2016-01-25
465	27	55	2017-01-25
465	47	66	2015-01-25
466	13	41	2016-01-25
466	24	43	2016-08-25
466	45	52	2016-01-25
466	73	89	2016-01-25
467	52	44	2017-01-25
467	57	45	2015-01-25
467	67	55	2017-01-25
467	76	82	2015-08-25
468	6	85	2017-08-25
468	43	39	2016-08-25
468	50	67	2017-08-25
468	57	84	2017-01-25
469	20	54	2015-01-25
469	47	54	2017-01-25
469	60	67	2014-01-25
469	64	55	2016-01-25
470	34	39	2017-01-25
470	40	81	2015-01-25
470	55	72	2014-01-25
470	61	83	2017-08-25
471	12	49	2016-08-25
471	46	85	2017-01-25
471	47	42	2017-08-25
471	61	55	2014-01-25
472	5	52	2017-08-25
472	8	71	2015-01-25
472	22	84	2016-01-25
472	53	43	2017-01-25
473	13	82	2016-01-25
473	21	83	2017-01-25
473	28	69	2017-08-25
473	53	55	2015-01-25
474	12	44	2017-01-25
474	13	81	2014-08-25
474	16	72	2015-08-25
474	30	68	2016-01-25
475	5	57	2017-01-25
475	25	49	2016-01-25
475	34	87	2014-01-25
475	66	45	2017-01-25
476	3	58	2017-08-25
476	7	50	2015-01-25
476	32	51	2017-08-25
476	37	69	2016-08-25
477	53	39	2017-01-25
477	60	53	2017-01-25
477	61	57	2017-01-25
477	66	86	2017-08-25
478	9	37	2017-01-25
478	23	84	2016-01-25
478	43	45	2017-01-25
478	60	53	2016-08-25
479	3	49	2016-01-25
479	24	38	2015-08-25
479	34	43	2015-01-25
479	41	55	2014-08-25
480	4	70	2017-01-25
480	9	81	2015-01-25
480	26	49	2017-01-25
480	42	89	2017-01-25
481	21	64	2017-01-25
481	52	72	2015-08-25
481	67	51	2017-01-25
481	73	56	2017-01-25
482	7	39	2016-08-25
482	26	38	2016-01-25
482	32	49	2017-08-25
482	63	54	2017-08-25
483	6	70	2017-01-25
483	18	39	2015-01-25
483	30	64	2017-01-25
483	31	67	2015-01-25
483	56	71	2017-08-25
484	18	65	2017-01-25
484	27	89	2017-01-25
484	38	45	2014-01-25
484	54	68	2016-01-25
485	7	40	2017-08-25
485	16	85	2015-08-25
485	58	70	2017-01-25
486	18	85	2017-08-25
486	42	53	2015-01-25
486	57	84	2016-01-25
486	72	73	2017-01-25
487	41	88	2017-01-25
487	44	83	2017-01-25
487	59	66	2014-01-25
487	71	72	2016-08-25
488	19	81	2017-08-25
488	47	43	2016-01-25
488	50	81	2016-01-25
488	59	43	2016-08-25
488	65	90	2017-01-25
489	1	52	2017-08-25
489	28	81	2017-08-25
489	57	88	2015-01-25
489	67	88	2017-01-25
490	28	86	2017-01-25
490	31	51	2015-01-25
490	33	73	2014-01-25
490	57	57	2016-01-25
491	9	40	2016-01-25
491	53	64	2016-01-25
491	58	50	2016-01-25
491	66	73	2015-01-25
492	6	37	2017-01-25
492	21	86	2017-01-25
492	26	66	2015-01-25
492	76	71	2017-01-25
493	14	81	2017-08-25
493	54	44	2017-08-25
493	63	57	2015-08-25
493	66	42	2016-08-25
494	1	43	2017-08-25
494	46	81	2017-01-25
494	66	58	2014-01-25
495	12	86	2016-01-25
495	21	87	2017-01-25
495	30	83	2017-08-25
495	48	43	2015-01-25
496	13	71	2017-01-25
496	20	49	2016-01-25
496	47	65	2016-08-25
496	50	87	2017-01-25
497	14	57	2015-01-25
497	34	45	2017-01-25
497	36	58	2017-01-25
497	75	52	2015-01-25
498	6	67	2017-01-25
498	21	43	2015-08-25
498	58	56	2014-01-25
498	67	49	2016-01-25
499	25	40	2015-01-25
499	42	51	2015-08-25
499	44	49	2014-08-25
499	66	87	2017-08-25
500	25	39	2015-08-25
500	63	83	2016-08-25
500	71	37	2017-08-25
500	75	38	2015-01-25
